epoch,accuracy,loss
0,0.6098193,0.6604907454071735
Test: ,0.6528843