epoch,accuracy,loss
0,0.6072295,0.6594848243286885
Test: ,0.64588195